# Pathway	S-4-DICUND-B_Coverage
UNMAPPED	1.0000000000
UNINTEGRATED	1.0000000000
UNINTEGRATED|unclassified	1.0000000000
VALSYN-PWY: L-valine biosynthesis	1.0000000000
VALSYN-PWY: L-valine biosynthesis|unclassified	1.0000000000
PWY-7220: adenosine deoxyribonucleotides de novo biosynthesis II	1.0000000000
PWY-7220: adenosine deoxyribonucleotides de novo biosynthesis II|unclassified	1.0000000000
PWY-7222: guanosine deoxyribonucleotides de novo biosynthesis II	1.0000000000
PWY-7222: guanosine deoxyribonucleotides de novo biosynthesis II|unclassified	1.0000000000
ILEUSYN-PWY: L-isoleucine biosynthesis I (from threonine)	1.0000000000
ILEUSYN-PWY: L-isoleucine biosynthesis I (from threonine)|unclassified	1.0000000000
PWY-7208: superpathway of pyrimidine nucleobases salvage	1.0000000000
PWY-7208: superpathway of pyrimidine nucleobases salvage|unclassified	1.0000000000
BRANCHED-CHAIN-AA-SYN-PWY: superpathway of branched chain amino acid biosynthesis	1.0000000000
BRANCHED-CHAIN-AA-SYN-PWY: superpathway of branched chain amino acid biosynthesis|unclassified	1.0000000000
PWY-5103: L-isoleucine biosynthesis III	1.0000000000
PWY-5103: L-isoleucine biosynthesis III|unclassified	1.0000000000
PWY-7228: superpathway of guanosine nucleotides de novo biosynthesis I	1.0000000000
PWY-7228: superpathway of guanosine nucleotides de novo biosynthesis I|unclassified	1.0000000000
PWY-6126: superpathway of adenosine nucleotides de novo biosynthesis II	1.0000000000
PWY-6126: superpathway of adenosine nucleotides de novo biosynthesis II|unclassified	1.0000000000
PWY-7229: superpathway of adenosine nucleotides de novo biosynthesis I	1.0000000000
PWY-7229: superpathway of adenosine nucleotides de novo biosynthesis I|unclassified	1.0000000000
PWY-7221: guanosine ribonucleotides de novo biosynthesis	1.0000000000
PWY-7221: guanosine ribonucleotides de novo biosynthesis|unclassified	1.0000000000
PWY-7663: gondoate biosynthesis (anaerobic)	1.0000000000
PWY-7663: gondoate biosynthesis (anaerobic)|unclassified	1.0000000000
PWY-5973: cis-vaccenate biosynthesis	1.0000000000
PWY-5973: cis-vaccenate biosynthesis|unclassified	1.0000000000
HSERMETANA-PWY: L-methionine biosynthesis III	0.9999669805
HSERMETANA-PWY: L-methionine biosynthesis III|unclassified	0.9999669805
PWY-6969: TCA cycle V (2-oxoglutarate synthase)	0.7890452146
PWY-6969: TCA cycle V (2-oxoglutarate synthase)|unclassified	0.7890452146
PWY-7977: L-methionine biosynthesis IV	0.9999999762
PWY-7977: L-methionine biosynthesis IV|unclassified	0.9999999762
PWY-7111: pyruvate fermentation to isobutanol (engineered)	0.9877229737
PWY-7111: pyruvate fermentation to isobutanol (engineered)|unclassified	0.9877229737
PWY-6122: 5-aminoimidazole ribonucleotide biosynthesis II	0.9982286919
PWY-6122: 5-aminoimidazole ribonucleotide biosynthesis II|unclassified	0.9982286919
PWY-6277: superpathway of 5-aminoimidazole ribonucleotide biosynthesis	0.9982286919
PWY-6277: superpathway of 5-aminoimidazole ribonucleotide biosynthesis|unclassified	0.9982286919
PWY-6123: inosine-5'-phosphate biosynthesis I	0.9999365536
PWY-6123: inosine-5'-phosphate biosynthesis I|unclassified	0.9999365536
ARGSYN-PWY: L-arginine biosynthesis I (via L-ornithine)	0.9863581405
ARGSYN-PWY: L-arginine biosynthesis I (via L-ornithine)|unclassified	0.9863581405
PWY-6125: superpathway of guanosine nucleotides de novo biosynthesis II	0.2438111495
PWY-6125: superpathway of guanosine nucleotides de novo biosynthesis II|unclassified	0.2438111495
PWY-7197: pyrimidine deoxyribonucleotide phosphorylation	0.9704461637
PWY-7197: pyrimidine deoxyribonucleotide phosphorylation|unclassified	0.9704461637
PWY-6823: molybdopterin biosynthesis	0.9999988130
PWY-6823: molybdopterin biosynthesis|unclassified	0.9999988130
ARGSYNBSUB-PWY: L-arginine biosynthesis II (acetyl cycle)	0.9770938448
ARGSYNBSUB-PWY: L-arginine biosynthesis II (acetyl cycle)|unclassified	0.9770938448
ANAGLYCOLYSIS-PWY: glycolysis III (from glucose)	0.3371504385
ANAGLYCOLYSIS-PWY: glycolysis III (from glucose)|unclassified	0.3371504385
PWY-6124: inosine-5'-phosphate biosynthesis II	0.9999238652
PWY-6124: inosine-5'-phosphate biosynthesis II|unclassified	0.9999238652
PWY-5690: TCA cycle II (plants and fungi)	0.6403367128
PWY-5690: TCA cycle II (plants and fungi)|unclassified	0.6403367128
PWY-1042: glycolysis IV	0.9999756395
PWY-1042: glycolysis IV|unclassified	0.9999756395
PWY-3001: superpathway of L-isoleucine biosynthesis I	0.0000000254
PWY-3001: superpathway of L-isoleucine biosynthesis I|unclassified	0.0000000254
PWY-841: superpathway of purine nucleotides de novo biosynthesis I	0.0000009818
PWY-841: superpathway of purine nucleotides de novo biosynthesis I|unclassified	0.0000009818
PWY-6549: L-glutamine biosynthesis III	0.6931149124
PWY-6549: L-glutamine biosynthesis III|unclassified	0.6931149124
THRESYN-PWY: superpathway of L-threonine biosynthesis	0.1652852429
THRESYN-PWY: superpathway of L-threonine biosynthesis|unclassified	0.1652852429
GLYCOLYSIS: glycolysis I (from glucose 6-phosphate)	0.0124408227
GLYCOLYSIS: glycolysis I (from glucose 6-phosphate)|unclassified	0.0124408227
PWY66-409: superpathway of purine nucleotide salvage	0.0000354452
PWY66-409: superpathway of purine nucleotide salvage|unclassified	0.0000354452
PWY-5136: fatty acid &beta;-oxidation II (plant peroxisome)	0.9121597329
PWY-5136: fatty acid &beta;-oxidation II (plant peroxisome)|unclassified	0.9121597329
TRNA-CHARGING-PWY: tRNA charging	0.0032760702
TRNA-CHARGING-PWY: tRNA charging|unclassified	0.0032760702
PWY66-429: fatty acid biosynthesis initiation (mitochondria)	0.0545146955
PWY66-429: fatty acid biosynthesis initiation (mitochondria)|unclassified	0.0545146955
PWY-5913: partial TCA cycle (obligate autotrophs)	0.7890349025
PWY-5913: partial TCA cycle (obligate autotrophs)|unclassified	0.7890349025
PWY-5484: glycolysis II (from fructose 6-phosphate)	0.0124408200
PWY-5484: glycolysis II (from fructose 6-phosphate)|unclassified	0.0124408200
GLUTORN-PWY: L-ornithine biosynthesis I	0.9624133252
GLUTORN-PWY: L-ornithine biosynthesis I|unclassified	0.9624133252
GLUCONEO-PWY: gluconeogenesis I	0.0135687335
GLUCONEO-PWY: gluconeogenesis I|unclassified	0.0135687335
PWY-6121: 5-aminoimidazole ribonucleotide biosynthesis I	0.1684844190
PWY-6121: 5-aminoimidazole ribonucleotide biosynthesis I|unclassified	0.1684844190
CALVIN-PWY: Calvin-Benson-Bassham cycle	0.0145108698
CALVIN-PWY: Calvin-Benson-Bassham cycle|unclassified	0.0145108698
FASYN-ELONG-PWY: fatty acid elongation -- saturated	0.0000047919
FASYN-ELONG-PWY: fatty acid elongation -- saturated|unclassified	0.0000047919
HISTSYN-PWY: L-histidine biosynthesis	0.0014281005
HISTSYN-PWY: L-histidine biosynthesis|unclassified	0.0014281005
GLYOXYLATE-BYPASS: glyoxylate cycle	0.6783120574
GLYOXYLATE-BYPASS: glyoxylate cycle|unclassified	0.6783120574
PWY-3841: folate transformations II (plants)	0.0000000000
PWY-3841: folate transformations II (plants)|unclassified	0.0000000000
PWY-7400: L-arginine biosynthesis IV (archaebacteria)	0.0000000000
PWY-7400: L-arginine biosynthesis IV (archaebacteria)|unclassified	0.0000000000
PWY-5695: inosine 5'-phosphate degradation	0.6443762896
PWY-5695: inosine 5'-phosphate degradation|unclassified	0.6443762896
FERMENTATION-PWY: mixed acid fermentation	0.7433013016
FERMENTATION-PWY: mixed acid fermentation|unclassified	0.7433013016
PWY-724: superpathway of L-lysine, L-threonine and L-methionine biosynthesis II	0.1897781712
PWY-724: superpathway of L-lysine, L-threonine and L-methionine biosynthesis II|unclassified	0.1897781712
PWY-7664: oleate biosynthesis IV (anaerobic)	0.0000041929
PWY-7664: oleate biosynthesis IV (anaerobic)|unclassified	0.0000041929
PWY-7234: inosine-5'-phosphate biosynthesis III	0.0034031600
PWY-7234: inosine-5'-phosphate biosynthesis III|unclassified	0.0034031600
PWY-2942: L-lysine biosynthesis III	0.2056656505
PWY-2942: L-lysine biosynthesis III|unclassified	0.2056656505
PENTOSE-P-PWY: pentose phosphate pathway	0.0056937086
PENTOSE-P-PWY: pentose phosphate pathway|unclassified	0.0056937086
PWY-5097: L-lysine biosynthesis VI	0.2309348447
PWY-5097: L-lysine biosynthesis VI|unclassified	0.2309348447
PWY-6609: adenine and adenosine salvage III	0.5471862080
PWY-6609: adenine and adenosine salvage III|unclassified	0.5471862080
PWY-5686: UMP biosynthesis I	0.0000043009
PWY-5686: UMP biosynthesis I|unclassified	0.0000043009
PWY-7790: UMP biosynthesis II	0.0000043009
PWY-7790: UMP biosynthesis II|unclassified	0.0000043009
PWY-7791: UMP biosynthesis III	0.0000043009
PWY-7791: UMP biosynthesis III|unclassified	0.0000043009
PWY-241: C4 photosynthetic carbon assimilation cycle, NADP-ME type	0.3000143337
PWY-241: C4 photosynthetic carbon assimilation cycle, NADP-ME type|unclassified	0.3000143337
PWY-5189: tetrapyrrole biosynthesis II (from glycine)	0.4274581864
PWY-5189: tetrapyrrole biosynthesis II (from glycine)|unclassified	0.4274581864
PWY-5723: Rubisco shunt	0.0056937075
PWY-5723: Rubisco shunt|unclassified	0.0056937075
PWY-6282: palmitoleate biosynthesis I (from (5Z)-dodec-5-enoate)	0.0000035939
PWY-6282: palmitoleate biosynthesis I (from (5Z)-dodec-5-enoate)|unclassified	0.0000035939
DAPLYSINESYN-PWY: L-lysine biosynthesis I	0.2458877062
DAPLYSINESYN-PWY: L-lysine biosynthesis I|unclassified	0.2458877062
PWY-6703: preQ0 biosynthesis	0.1415724342
PWY-6703: preQ0 biosynthesis|unclassified	0.1415724342
PWY-5188: tetrapyrrole biosynthesis I (from glutamate)	0.0088226968
PWY-5188: tetrapyrrole biosynthesis I (from glutamate)|unclassified	0.0088226968
PWY0-862: (5Z)-dodecenoate biosynthesis I	0.0000035939
PWY0-862: (5Z)-dodecenoate biosynthesis I|unclassified	0.0000035939
PWY-8178: pentose phosphate pathway (non-oxidative branch) II	0.0060979217
PWY-8178: pentose phosphate pathway (non-oxidative branch) II|unclassified	0.0060979217
NONOXIPENT-PWY: pentose phosphate pathway (non-oxidative branch) I	0.0048842945
NONOXIPENT-PWY: pentose phosphate pathway (non-oxidative branch) I|unclassified	0.0048842945
PWY1ZNC-1: assimilatory sulfate reduction IV	0.0926057271
PWY1ZNC-1: assimilatory sulfate reduction IV|unclassified	0.0926057271
SO4ASSIM-PWY: assimilatory sulfate reduction I	0.0926057271
SO4ASSIM-PWY: assimilatory sulfate reduction I|unclassified	0.0926057271
PWY-6163: chorismate biosynthesis from 3-dehydroquinate	0.0019370180
PWY-6163: chorismate biosynthesis from 3-dehydroquinate|unclassified	0.0019370180
PWY66-399: gluconeogenesis III	0.0000000000
PWY66-399: gluconeogenesis III|unclassified	0.0000000000
PWY-6292: superpathway of L-cysteine biosynthesis (mammalian)	0.0000273657
PWY-6292: superpathway of L-cysteine biosynthesis (mammalian)|unclassified	0.0000273657
COMPLETE-ARO-PWY: superpathway of aromatic amino acid biosynthesis	0.0000000049
COMPLETE-ARO-PWY: superpathway of aromatic amino acid biosynthesis|unclassified	0.0000000049
ARO-PWY: chorismate biosynthesis I	0.0001104911
ARO-PWY: chorismate biosynthesis I|unclassified	0.0001104911
PWY-4984: urea cycle	0.0000683365
PWY-4984: urea cycle|unclassified	0.0000683365
ANAEROFRUCAT-PWY: homolactic fermentation	0.0000000000
ANAEROFRUCAT-PWY: homolactic fermentation|unclassified	0.0000000000
DTDPRHAMSYN-PWY: dTDP-&beta;-L-rhamnose biosynthesis	0.0054125127
DTDPRHAMSYN-PWY: dTDP-&beta;-L-rhamnose biosynthesis|unclassified	0.0054125127
PWY-6387: UDP-N-acetylmuramoyl-pentapeptide biosynthesis I (meso-diaminopimelate containing)	0.0010935201
PWY-6387: UDP-N-acetylmuramoyl-pentapeptide biosynthesis I (meso-diaminopimelate containing)|unclassified	0.0010935201
PWY-7118: chitin deacetylation	0.0045187798
PWY-7118: chitin deacetylation|unclassified	0.0045187798
CITRULBIO-PWY: L-citrulline biosynthesis	0.0000820027
CITRULBIO-PWY: L-citrulline biosynthesis|unclassified	0.0000820027
PWY-8187: L-arginine degradation XIII (reductive Stickland reaction)	0.2050382584
PWY-8187: L-arginine degradation XIII (reductive Stickland reaction)|unclassified	0.2050382584
PWY-5345: superpathway of L-methionine biosynthesis (by sulfhydrylation)	0.0000000000
PWY-5345: superpathway of L-methionine biosynthesis (by sulfhydrylation)|unclassified	0.0000000000
PEPTIDOGLYCANSYN-PWY: peptidoglycan biosynthesis I (meso-diaminopimelate containing)	0.0000227513
PEPTIDOGLYCANSYN-PWY: peptidoglycan biosynthesis I (meso-diaminopimelate containing)|unclassified	0.0000227513
PWY-5989: stearate biosynthesis II (bacteria and plants)	0.0000035231
PWY-5989: stearate biosynthesis II (bacteria and plants)|unclassified	0.0000035231
PWY-6385: peptidoglycan biosynthesis III (mycobacteria)	0.0000227513
PWY-6385: peptidoglycan biosynthesis III (mycobacteria)|unclassified	0.0000227513
SER-GLYSYN-PWY: superpathway of L-serine and glycine biosynthesis I	0.0000099384
SER-GLYSYN-PWY: superpathway of L-serine and glycine biosynthesis I|unclassified	0.0000099384
COA-PWY: coenzyme A biosynthesis I (prokaryotic)	0.0128714099
COA-PWY: coenzyme A biosynthesis I (prokaryotic)|unclassified	0.0128714099
PWY-561: superpathway of glyoxylate cycle and fatty acid degradation	0.0000000000
PWY-561: superpathway of glyoxylate cycle and fatty acid degradation|unclassified	0.0000000000
PWY-6700: queuosine biosynthesis I (de novo)	0.0000056726
PWY-6700: queuosine biosynthesis I (de novo)|unclassified	0.0000056726
PANTO-PWY: phosphopantothenate biosynthesis I	0.0000495600
PANTO-PWY: phosphopantothenate biosynthesis I|unclassified	0.0000495600
PWY-7117: C4 photosynthetic carbon assimilation cycle, PEPCK type	0.0000000114
PWY-7117: C4 photosynthetic carbon assimilation cycle, PEPCK type|unclassified	0.0000000114
PWY-6630: superpathway of L-tyrosine biosynthesis	0.0000000031
PWY-6630: superpathway of L-tyrosine biosynthesis|unclassified	0.0000000031
PWY0-1296: purine ribonucleosides degradation	0.0000125106
PWY0-1296: purine ribonucleosides degradation|unclassified	0.0000125106
PWY-6628: superpathway of L-phenylalanine biosynthesis	0.0000000025
PWY-6628: superpathway of L-phenylalanine biosynthesis|unclassified	0.0000000025
PWY-6353: purine nucleotides degradation II (aerobic)	0.0000000008
PWY-6353: purine nucleotides degradation II (aerobic)|unclassified	0.0000000008
PWY-5941: glycogen degradation II	0.0000003412
PWY-5941: glycogen degradation II|unclassified	0.0000003412
PWY-7238: sucrose biosynthesis II	0.0000002302
PWY-7238: sucrose biosynthesis II|unclassified	0.0000002302
PWY66-389: phytol degradation	0.0000594511
PWY66-389: phytol degradation|unclassified	0.0000594511
PWY0-162: superpathway of pyrimidine ribonucleotides de novo biosynthesis	0.0000000000
PWY0-162: superpathway of pyrimidine ribonucleotides de novo biosynthesis|unclassified	0.0000000000
PWY-5130: 2-oxobutanoate degradation I	0.0000000464
PWY-5130: 2-oxobutanoate degradation I|unclassified	0.0000000464
PWY-7198: pyrimidine deoxyribonucleotides de novo biosynthesis IV	0.0000000000
PWY-7198: pyrimidine deoxyribonucleotides de novo biosynthesis IV|unclassified	0.0000000000
ARGININE-SYN4-PWY: L-ornithine biosynthesis II	0.0000000178
ARGININE-SYN4-PWY: L-ornithine biosynthesis II|unclassified	0.0000000178
P105-PWY: TCA cycle IV (2-oxoglutarate decarboxylase)	0.0000000000
P105-PWY: TCA cycle IV (2-oxoglutarate decarboxylase)|unclassified	0.0000000000
PWY0-1297: superpathway of purine deoxyribonucleosides degradation	0.0000013248
PWY0-1297: superpathway of purine deoxyribonucleosides degradation|unclassified	0.0000013248
PWY-7383: anaerobic energy metabolism (invertebrates, cytosol)	0.0000000000
PWY-7383: anaerobic energy metabolism (invertebrates, cytosol)|unclassified	0.0000000000
UDPNAGSYN-PWY: UDP-N-acetyl-D-glucosamine biosynthesis I	0.0000000000
UDPNAGSYN-PWY: UDP-N-acetyl-D-glucosamine biosynthesis I|unclassified	0.0000000000
GLYCOGENSYNTH-PWY: glycogen biosynthesis I (from ADP-D-Glucose)	0.0000000367
GLYCOGENSYNTH-PWY: glycogen biosynthesis I (from ADP-D-Glucose)|unclassified	0.0000000367
ARG+POLYAMINE-SYN: superpathway of arginine and polyamine biosynthesis	0.0000000000
ARG+POLYAMINE-SYN: superpathway of arginine and polyamine biosynthesis|unclassified	0.0000000000
PWY-6608: guanosine nucleotides degradation III	0.0000000004
PWY-6608: guanosine nucleotides degradation III|unclassified	0.0000000004
HEME-BIOSYNTHESIS-II: heme b biosynthesis I (aerobic)	0.0000000206
HEME-BIOSYNTHESIS-II: heme b biosynthesis I (aerobic)|unclassified	0.0000000206
HEME-BIOSYNTHESIS-II-1: heme b biosynthesis V (aerobic)	0.0000000206
HEME-BIOSYNTHESIS-II-1: heme b biosynthesis V (aerobic)|unclassified	0.0000000206
PWY-7199: pyrimidine deoxyribonucleosides salvage	0.0000000000
PWY-7199: pyrimidine deoxyribonucleosides salvage|unclassified	0.0000000000
TCA: TCA cycle I (prokaryotic)	0.0000000000
TCA: TCA cycle I (prokaryotic)|unclassified	0.0000000000
SALVADEHYPOX-PWY: adenosine nucleotides degradation II	0.0000000005
SALVADEHYPOX-PWY: adenosine nucleotides degradation II|unclassified	0.0000000005
PYRIDNUCSYN-PWY: NAD de novo biosynthesis I (from aspartate)	0.0000000000
PYRIDNUCSYN-PWY: NAD de novo biosynthesis I (from aspartate)|unclassified	0.0000000000
PWY-101: photosynthesis light reactions	0.0000001442
PWY-101: photosynthesis light reactions|unclassified	0.0000001442
TCA-GLYOX-BYPASS: superpathway of glyoxylate bypass and TCA	0.0000000000
TCA-GLYOX-BYPASS: superpathway of glyoxylate bypass and TCA|unclassified	0.0000000000
PWY-7115: C4 photosynthetic carbon assimilation cycle, NAD-ME type	0.0000000000
PWY-7115: C4 photosynthetic carbon assimilation cycle, NAD-ME type|unclassified	0.0000000000
PWY-6922: L-N&delta;-acetylornithine biosynthesis	0.0000000000
PWY-6922: L-N&delta;-acetylornithine biosynthesis|unclassified	0.0000000000
OANTIGEN-PWY: O-antigen building blocks biosynthesis (E. coli)	0.0000000000
OANTIGEN-PWY: O-antigen building blocks biosynthesis (E. coli)|unclassified	0.0000000000
PWY-622: starch biosynthesis	0.0000000000
PWY-622: starch biosynthesis|unclassified	0.0000000000
ASPASN-PWY: superpathway of L-aspartate and L-asparagine biosynthesis	0.0000000050
ASPASN-PWY: superpathway of L-aspartate and L-asparagine biosynthesis|unclassified	0.0000000050
PWY0-1298: superpathway of pyrimidine deoxyribonucleosides degradation	0.0000000004
PWY0-1298: superpathway of pyrimidine deoxyribonucleosides degradation|unclassified	0.0000000004
PWY-821: superpathway of sulfur amino acid biosynthesis (Saccharomyces cerevisiae)	0.0000000000
PWY-821: superpathway of sulfur amino acid biosynthesis (Saccharomyces cerevisiae)|unclassified	0.0000000000
PWY3O-4107: NAD salvage pathway V (PNC V cycle)	0.0000000000
PWY3O-4107: NAD salvage pathway V (PNC V cycle)|unclassified	0.0000000000
1CMET2-PWY: folate transformations III (E. coli)	0.0000000000
1CMET2-PWY: folate transformations III (E. coli)|unclassified	0.0000000000
PWY0-42: 2-methylcitrate cycle I	0.0000000000
PWY0-42: 2-methylcitrate cycle I|unclassified	0.0000000000
PANTOSYN-PWY: superpathway of coenzyme A biosynthesis I (bacteria)	0.0000000000
PANTOSYN-PWY: superpathway of coenzyme A biosynthesis I (bacteria)|unclassified	0.0000000000
PWY-6901: superpathway of glucose and xylose degradation	0.0000000000
PWY-6901: superpathway of glucose and xylose degradation|unclassified	0.0000000000
PWY0-1241: ADP-L-glycero-&beta;-D-manno-heptose biosynthesis	0.0000000000
PWY0-1241: ADP-L-glycero-&beta;-D-manno-heptose biosynthesis|unclassified	0.0000000000
COLANSYN-PWY: colanic acid building blocks biosynthesis	0.0000000000
COLANSYN-PWY: colanic acid building blocks biosynthesis|unclassified	0.0000000000
PWY-6386: UDP-N-acetylmuramoyl-pentapeptide biosynthesis II (lysine-containing)	0.0000000000
PWY-6386: UDP-N-acetylmuramoyl-pentapeptide biosynthesis II (lysine-containing)|unclassified	0.0000000000
PWY0-1061: superpathway of L-alanine biosynthesis	0.0000000000
PWY0-1061: superpathway of L-alanine biosynthesis|unclassified	0.0000000000
PWY-1269: CMP-3-deoxy-D-manno-octulosonate biosynthesis	0.0000000000
PWY-1269: CMP-3-deoxy-D-manno-octulosonate biosynthesis|unclassified	0.0000000000
POLYAMSYN-PWY: superpathway of polyamine biosynthesis I	0.0000000000
POLYAMSYN-PWY: superpathway of polyamine biosynthesis I|unclassified	0.0000000000
PWY-7858: (5Z)-dodecenoate biosynthesis II	0.0000000000
PWY-7858: (5Z)-dodecenoate biosynthesis II|unclassified	0.0000000000
PWY-5667: CDP-diacylglycerol biosynthesis I	0.0000000000
PWY-5667: CDP-diacylglycerol biosynthesis I|unclassified	0.0000000000
PWY0-1319: CDP-diacylglycerol biosynthesis II	0.0000000000
PWY0-1319: CDP-diacylglycerol biosynthesis II|unclassified	0.0000000000
PWY-6936: seleno-amino acid biosynthesis (plants)	0.0000000000
PWY-6936: seleno-amino acid biosynthesis (plants)|unclassified	0.0000000000
P185-PWY: formaldehyde assimilation III (dihydroxyacetone cycle)	0.0000000000
P185-PWY: formaldehyde assimilation III (dihydroxyacetone cycle)|unclassified	0.0000000000
PWY-5154: L-arginine biosynthesis III (via N-acetyl-L-citrulline)	0.0000000000
PWY-5154: L-arginine biosynthesis III (via N-acetyl-L-citrulline)|unclassified	0.0000000000
SULFATE-CYS-PWY: superpathway of sulfate assimilation and cysteine biosynthesis	0.0000000000
SULFATE-CYS-PWY: superpathway of sulfate assimilation and cysteine biosynthesis|unclassified	0.0000000000
GLYCOLYSIS-E-D: superpathway of glycolysis and the Entner-Doudoroff pathway	0.0000000000
GLYCOLYSIS-E-D: superpathway of glycolysis and the Entner-Doudoroff pathway|unclassified	0.0000000000
PWY-5918: superpathway of heme b biosynthesis from glutamate	0.0000000000
PWY-5918: superpathway of heme b biosynthesis from glutamate|unclassified	0.0000000000
POLYAMINSYN3-PWY: superpathway of polyamine biosynthesis II	0.0000000000
POLYAMINSYN3-PWY: superpathway of polyamine biosynthesis II|unclassified	0.0000000000
P161-PWY: acetylene degradation (anaerobic)	0.0000000000
P161-PWY: acetylene degradation (anaerobic)|unclassified	0.0000000000
PWY0-1477: ethanolamine utilization	0.0000000000
PWY0-1477: ethanolamine utilization|unclassified	0.0000000000
PWY0-1479: tRNA processing	0.0000000000
PWY0-1479: tRNA processing|unclassified	0.0000000000
URSIN-PWY: ureide biosynthesis	0.0000000000
URSIN-PWY: ureide biosynthesis|unclassified	0.0000000000
PWY-7328: superpathway of UDP-glucose-derived O-antigen building blocks biosynthesis	0.0000000000
PWY-7328: superpathway of UDP-glucose-derived O-antigen building blocks biosynthesis|unclassified	0.0000000000
PWY-6606: guanosine nucleotides degradation II	0.0000000000
PWY-6606: guanosine nucleotides degradation II|unclassified	0.0000000000
PHOTOALL-PWY: oxygenic photosynthesis	0.0000000000
PHOTOALL-PWY: oxygenic photosynthesis|unclassified	0.0000000000
P221-PWY: octane oxidation	0.0000000000
P221-PWY: octane oxidation|unclassified	0.0000000000
PWY0-1586: peptidoglycan maturation (meso-diaminopimelate containing)	0.0000000000
PWY0-1586: peptidoglycan maturation (meso-diaminopimelate containing)|unclassified	0.0000000000
PWY-7854: crotonyl-CoA/ethylmalonyl-CoA/hydroxybutyryl-CoA cycle (engineered)	0.0000000000
PWY-7854: crotonyl-CoA/ethylmalonyl-CoA/hydroxybutyryl-CoA cycle (engineered)|unclassified	0.0000000000
PWY-6151: S-adenosyl-L-methionine salvage I	0.0000000000
PWY-6151: S-adenosyl-L-methionine salvage I|unclassified	0.0000000000
NONMEVIPP-PWY: methylerythritol phosphate pathway I	0.0000000000
NONMEVIPP-PWY: methylerythritol phosphate pathway I|unclassified	0.0000000000
PWY-7953: UDP-N-acetylmuramoyl-pentapeptide biosynthesis III (meso-diaminopimelate containing)	0.0000000000
PWY-7953: UDP-N-acetylmuramoyl-pentapeptide biosynthesis III (meso-diaminopimelate containing)|unclassified	0.0000000000
PWY-8004: Entner-Doudoroff pathway I	0.0000000000
PWY-8004: Entner-Doudoroff pathway I|unclassified	0.0000000000
PWY-6305: superpathway of putrescine biosynthesis	0.0000000000
PWY-6305: superpathway of putrescine biosynthesis|unclassified	0.0000000000
PWY-5920: superpathway of heme b biosynthesis from glycine	0.0000000000
PWY-5920: superpathway of heme b biosynthesis from glycine|unclassified	0.0000000000
GLUCOSE1PMETAB-PWY: glucose and glucose-1-phosphate degradation	0.0000000000
GLUCOSE1PMETAB-PWY: glucose and glucose-1-phosphate degradation|unclassified	0.0000000000
PWY-7560: methylerythritol phosphate pathway II	0.0000000000
PWY-7560: methylerythritol phosphate pathway II|unclassified	0.0000000000
RIBOSYN2-PWY: flavin biosynthesis I (bacteria and plants)	0.0000000000
RIBOSYN2-PWY: flavin biosynthesis I (bacteria and plants)|unclassified	0.0000000000
PWY-5659: GDP-mannose biosynthesis	0.0000000000
PWY-5659: GDP-mannose biosynthesis|unclassified	0.0000000000
PWY-7094: fatty acid salvage	0.0000000000
PWY-7094: fatty acid salvage|unclassified	0.0000000000
UDPNACETYLGALSYN-PWY: UDP-N-acetyl-D-glucosamine biosynthesis II	0.0000000000
UDPNACETYLGALSYN-PWY: UDP-N-acetyl-D-glucosamine biosynthesis II|unclassified	0.0000000000
PWY-5030: L-histidine degradation III	0.0000000000
PWY-5030: L-histidine degradation III|unclassified	0.0000000000
PWY-7159: 3,8-divinyl-chlorophyllide a biosynthesis III (aerobic, light independent)	0.0000000000
PWY-7159: 3,8-divinyl-chlorophyllide a biosynthesis III (aerobic, light independent)|unclassified	0.0000000000
PWY-7039: phosphatidate metabolism, as a signaling molecule	0.0000000000
PWY-7039: phosphatidate metabolism, as a signaling molecule|unclassified	0.0000000000
HISDEG-PWY: L-histidine degradation I	0.0000000000
HISDEG-PWY: L-histidine degradation I|unclassified	0.0000000000
PWY-3781: aerobic respiration I (cytochrome c)	0.0000000000
PWY-3781: aerobic respiration I (cytochrome c)|unclassified	0.0000000000
REDCITCYC: TCA cycle VI (Helicobacter)	0.0000000000
REDCITCYC: TCA cycle VI (Helicobacter)|unclassified	0.0000000000
PWY-6317: D-galactose degradation I (Leloir pathway)	0.0000000000
PWY-6317: D-galactose degradation I (Leloir pathway)|unclassified	0.0000000000
PWY-6519: 8-amino-7-oxononanoate biosynthesis I	0.0000000000
PWY-6519: 8-amino-7-oxononanoate biosynthesis I|unclassified	0.0000000000
GLYCOCAT-PWY: glycogen degradation I	0.0000000000
GLYCOCAT-PWY: glycogen degradation I|unclassified	0.0000000000
PWY-5505: L-glutamate and L-glutamine biosynthesis	0.0000000000
PWY-5505: L-glutamate and L-glutamine biosynthesis|unclassified	0.0000000000
PWY-5676: acetyl-CoA fermentation to butanoate II	0.0000000000
PWY-5676: acetyl-CoA fermentation to butanoate II|unclassified	0.0000000000
P124-PWY: Bifidobacterium shunt	0.0000000000
P124-PWY: Bifidobacterium shunt|unclassified	0.0000000000
PWY-7237: myo-, chiro- and scyllo-inositol degradation	0.0000000000
PWY-7237: myo-, chiro- and scyllo-inositol degradation|unclassified	0.0000000000
PWY-7731: superpathway of photosynthetic hydrogen production	0.0000000000
PWY-7731: superpathway of photosynthetic hydrogen production|unclassified	0.0000000000
PWY-5415: catechol degradation I (meta-cleavage pathway)	0.0000000000
PWY-5415: catechol degradation I (meta-cleavage pathway)|unclassified	0.0000000000
PWY-5855: ubiquinol-7 biosynthesis (early decarboxylation)	0.0000000000
PWY-5855: ubiquinol-7 biosynthesis (early decarboxylation)|unclassified	0.0000000000
COA-PWY-1: superpathway of coenzyme A biosynthesis III (mammals)	0.0000000000
COA-PWY-1: superpathway of coenzyme A biosynthesis III (mammals)|unclassified	0.0000000000
PWY66-367: ketogenesis	0.0000000000
PWY66-367: ketogenesis|unclassified	0.0000000000
CATECHOL-ORTHO-CLEAVAGE-PWY: catechol degradation to &beta;-ketoadipate	0.0000000000
CATECHOL-ORTHO-CLEAVAGE-PWY: catechol degradation to &beta;-ketoadipate|unclassified	0.0000000000
NADSYN-PWY: NAD de novo biosynthesis II (from tryptophan)	0.0000000000
NADSYN-PWY: NAD de novo biosynthesis II (from tryptophan)|unclassified	0.0000000000
PWY-5873: ubiquinol-7 biosynthesis (late decarboxylation)	0.0000000000
PWY-5873: ubiquinol-7 biosynthesis (late decarboxylation)|unclassified	0.0000000000
PWY-5121: superpathway of geranylgeranyl diphosphate biosynthesis II (via MEP)	0.0000000000
PWY-5121: superpathway of geranylgeranyl diphosphate biosynthesis II (via MEP)|unclassified	0.0000000000
ORNDEG-PWY: superpathway of ornithine degradation	0.0000000000
ORNDEG-PWY: superpathway of ornithine degradation|unclassified	0.0000000000
PWY-7851: coenzyme A biosynthesis II (eukaryotic)	0.0000000000
PWY-7851: coenzyme A biosynthesis II (eukaryotic)|unclassified	0.0000000000
P42-PWY: incomplete reductive TCA cycle	0.0000000000
P42-PWY: incomplete reductive TCA cycle|unclassified	0.0000000000
BIOTIN-BIOSYNTHESIS-PWY: biotin biosynthesis I	0.0000000000
BIOTIN-BIOSYNTHESIS-PWY: biotin biosynthesis I|unclassified	0.0000000000
PWY-7209: superpathway of pyrimidine ribonucleosides degradation	0.0000000000
PWY-7209: superpathway of pyrimidine ribonucleosides degradation|unclassified	0.0000000000
PWY-5747: 2-methylcitrate cycle II	0.0000000000
PWY-5747: 2-methylcitrate cycle II|unclassified	0.0000000000
PWY-1622: formaldehyde assimilation I (serine pathway)	0.0000000000
PWY-1622: formaldehyde assimilation I (serine pathway)|unclassified	0.0000000000
PWY-5651: L-tryptophan degradation to 2-amino-3-carboxymuconate semialdehyde	0.0000000000
PWY-5651: L-tryptophan degradation to 2-amino-3-carboxymuconate semialdehyde|unclassified	0.0000000000
GLUDEG-I-PWY: GABA shunt	0.0000000000
GLUDEG-I-PWY: GABA shunt|unclassified	0.0000000000
ALLANTOINDEG-PWY: superpathway of allantoin degradation in yeast	0.0000000000
ALLANTOINDEG-PWY: superpathway of allantoin degradation in yeast|unclassified	0.0000000000
PWY-922: mevalonate pathway I (eukaryotes and bacteria)	0.0000000000
PWY-922: mevalonate pathway I (eukaryotes and bacteria)|unclassified	0.0000000000
PWY-702: L-methionine biosynthesis II	0.0000000000
PWY-702: L-methionine biosynthesis II|unclassified	0.0000000000
PWY-5417: catechol degradation III (ortho-cleavage pathway)	0.0000000000
PWY-5417: catechol degradation III (ortho-cleavage pathway)|unclassified	0.0000000000
PWY-5431: aromatic compounds degradation via &beta;-ketoadipate	0.0000000000
PWY-5431: aromatic compounds degradation via &beta;-ketoadipate|unclassified	0.0000000000
PWY-7254: TCA cycle VII (acetate-producers)	0.0000000000
PWY-7254: TCA cycle VII (acetate-producers)|unclassified	0.0000000000
PWY-5910: superpathway of geranylgeranyldiphosphate biosynthesis I (via mevalonate)	0.0000000000
PWY-5910: superpathway of geranylgeranyldiphosphate biosynthesis I (via mevalonate)|unclassified	0.0000000000
PWY-7279: aerobic respiration II (cytochrome c) (yeast)	0.0000000000
PWY-7279: aerobic respiration II (cytochrome c) (yeast)|unclassified	0.0000000000
PWY-5100: pyruvate fermentation to acetate and lactate II	0.0000000000
PWY-5100: pyruvate fermentation to acetate and lactate II|unclassified	0.0000000000
P41-PWY: pyruvate fermentation to acetate and (S)-lactate I	0.0000000000
P41-PWY: pyruvate fermentation to acetate and (S)-lactate I|unclassified	0.0000000000
PWY-6185: 4-methylcatechol degradation (ortho cleavage)	0.0000000000
PWY-6185: 4-methylcatechol degradation (ortho cleavage)|unclassified	0.0000000000
PROTOCATECHUATE-ORTHO-CLEAVAGE-PWY: protocatechuate degradation II (ortho-cleavage pathway)	0.0000000000
PROTOCATECHUATE-ORTHO-CLEAVAGE-PWY: protocatechuate degradation II (ortho-cleavage pathway)|unclassified	0.0000000000
TYRFUMCAT-PWY: L-tyrosine degradation I	0.0000000000
TYRFUMCAT-PWY: L-tyrosine degradation I|unclassified	0.0000000000
PWY-7282: 4-amino-2-methyl-5-diphosphomethylpyrimidine biosynthesis II	0.0000000000
PWY-7282: 4-amino-2-methyl-5-diphosphomethylpyrimidine biosynthesis II|unclassified	0.0000000000
PWY-8011: L-serine biosynthesis II	0.0000000000
PWY-8011: L-serine biosynthesis II|unclassified	0.0000000000
PWY-6992: 1,5-anhydrofructose degradation	0.0000000000
PWY-6992: 1,5-anhydrofructose degradation|unclassified	0.0000000000
PWY-7942: 5-oxo-L-proline metabolism	0.0000000000
PWY-7942: 5-oxo-L-proline metabolism|unclassified	0.0000000000
P108-PWY: pyruvate fermentation to propanoate I	0.0000000000
P108-PWY: pyruvate fermentation to propanoate I|unclassified	0.0000000000
GLUCUROCAT-PWY: superpathway of &beta;-D-glucuronosides degradation	0.0000000000
GLUCUROCAT-PWY: superpathway of &beta;-D-glucuronosides degradation|unclassified	0.0000000000
PWY-6182: superpathway of salicylate degradation	0.0000000000
PWY-6182: superpathway of salicylate degradation|unclassified	0.0000000000
P125-PWY: superpathway of (R,R)-butanediol biosynthesis	0.0000000000
P125-PWY: superpathway of (R,R)-butanediol biosynthesis|unclassified	0.0000000000
PWY-7242: D-fructuronate degradation	0.0000000000
PWY-7242: D-fructuronate degradation|unclassified	0.0000000000
GALACTUROCAT-PWY: D-galacturonate degradation I	0.0000000000
GALACTUROCAT-PWY: D-galacturonate degradation I|unclassified	0.0000000000
PWY-6507: 4-deoxy-L-threo-hex-4-enopyranuronate degradation	0.0000000000
PWY-6507: 4-deoxy-L-threo-hex-4-enopyranuronate degradation|unclassified	0.0000000000
PWY-6902: chitin degradation II (Vibrio)	0.0000000000
PWY-6902: chitin degradation II (Vibrio)|unclassified	0.0000000000